,0,1,2,3,4,5,6,7,8,9,10,11,12,13,14,15,16,17,18,19,20,21,22,23,24,25,26,27,28,29,30,31,32,33,34,35,36,37,38,39,40,41,42,43,44,45,46,47,48,49,50,51,52,53,54,55,56,57,58,59,60,61,62,63,64,65,66,67,68,69,70,71,72,73,74,75,76,77,78,79,80,81,82,83,84,85,86,87,88,89,90,91,92,93,94,95,96,97,98,99,T,E,Gender
0,0.7718959,-0.8441753,0.9592923,-0.5046571,0.50576943,0.053351272,0.8151075,0.7681406,-0.8214621,0.03468919,-0.3127574,-0.57541263,-0.27865312,-0.45844966,0.52325004,-0.043916203,-0.80201066,-0.44921044,0.5888546,0.027940629,-0.09341038,-0.48969752,-0.7720468,0.6486261,-0.364493,-0.69538593,-0.5700408,0.82422066,-0.9137697,-0.24809517,-0.36406887,-0.29193395,0.86671513,-0.2229096,0.7918789,-0.70899355,-0.01927941,0.8466808,0.6026226,0.6967436,0.33089197,-0.7135617,-0.7678122,-0.8452081,-0.23417614,-0.70714027,-0.104285374,-0.2889453,-0.13371614,0.6016133,-0.28998864,-0.9044988,0.6991568,0.24685135,-0.7168021,0.99415964,-0.13889818,0.84520245,-0.5391871,0.033696957,0.48490027,-0.8248807,-0.5923808,0.11273941,-0.9861156,-0.2867777,0.6994335,-0.8173803,-0.7393384,0.6386577,0.4225247,0.031280078,-0.34301546,0.2374921,0.6568791,0.037861887,0.3029307,0.6939793,-0.044069853,0.4407649,0.41144478,0.5489295,-0.6843538,-0.7991295,0.27967587,-0.7555168,0.08728592,-0.15443486,0.49876106,-0.9720482,0.6985146,0.5593489,-0.52384955,0.74048084,-0.112605,-0.6284214,0.8545327,-0.7079792,0.12756576,0.87719506,6.6392274e-12,1,0
1,-0.45495126,0.34658867,-0.4049565,0.8904605,0.3960027,0.47372392,0.81571347,-0.8012995,-0.072700106,-0.9768468,-0.4353393,0.5667611,-0.49131244,-0.38785845,-0.9430577,0.09873029,-0.45733526,-0.6354583,0.731398,-0.6854288,-0.4895821,0.3092799,-0.95478195,0.92382616,0.79523355,-0.75889987,0.4441807,0.91748995,-0.011443553,0.8775729,-0.004498217,0.10939843,0.003909717,0.6702568,-0.75541997,-0.843235,-0.118891984,-0.39764512,0.68981683,0.3403022,0.5800919,-0.8412868,0.3162321,-0.5579032,-0.29198015,0.1814062,-0.002520603,0.5808677,-0.05797708,-0.417422,-0.053793393,0.5277264,0.5532872,-0.55577177,-0.36474767,-0.065938696,-0.9670703,0.36879048,0.9964853,0.7433141,-0.54378176,0.86827475,0.1515766,0.72106826,-0.12791198,0.5743605,-0.34959716,-0.27932668,-0.5435552,0.8791479,0.24760091,-0.41134492,0.48453015,-0.3679092,-0.91908354,0.34157056,-0.7433997,-0.92074203,0.5941317,-0.9526769,-0.29976565,0.8914893,-0.635146,0.5859201,-0.86758095,0.5495156,0.64912754,0.7440165,0.9923767,0.3435958,-0.5901942,-0.8252129,0.4374184,-0.5514895,0.15333655,0.5792052,-0.29557687,0.20246936,0.9682905,-0.63427943,19376.215,0,0
2,0.59248745,0.702181,-0.20513156,0.89159214,0.1367994,0.25874776,-0.14189442,-0.4241685,-0.23442747,0.42317107,0.94528764,-0.33050632,0.4350557,0.68148375,0.76852804,0.102159075,0.79923594,0.5557206,0.37535265,-0.3097033,0.7263595,0.6919554,-0.83477944,0.75250185,-0.9094706,-0.14852631,0.22759585,0.22074354,0.038437743,0.07619052,0.5792572,0.9356012,-0.7942003,-0.66733277,0.48702902,0.85550225,-0.83649164,0.084262855,-0.85665196,0.87247014,0.9508552,-0.0026943346,0.04501068,0.85849684,0.6794225,0.06022507,-0.8356686,-0.06748454,-0.6673298,0.59824026,-0.793597,0.9332338,-0.14355272,-0.6278134,-0.15770349,-0.4720958,-0.8796459,-0.2850578,-0.68900806,-0.036859713,-0.08452312,-0.972375,0.7411842,0.40565622,-0.598242,-0.36283237,0.028817551,-0.7760878,0.69498163,0.6178607,-0.92609644,-0.4266462,-0.43784943,0.4766799,-0.4164336,0.98414075,-0.2934783,0.25143206,0.81479394,0.104415715,-0.23905464,0.6238772,-0.14731793,-0.33041483,0.39514527,-0.75362265,-0.2097065,-0.6804491,-0.37840626,-0.9223186,0.8398414,-0.4359103,0.39417976,-0.38827097,0.2724694,0.5426656,-0.12807043,-0.474403,0.7333089,0.92634636,4512.4395,1,0
3,-0.61531913,0.38114953,-0.8588356,-0.7671022,0.4880544,0.21996349,0.50978285,-0.54698545,-0.8555802,0.69050467,-0.6857213,-0.15044366,-0.34657285,-0.5843247,-0.27330768,0.035016414,0.66299236,-0.03189372,-0.9260942,-0.84182763,0.27719805,0.027298693,-0.8310301,-0.8188486,0.60068357,-0.93417424,0.2242544,-0.6874476,0.11499283,0.31632653,0.6687729,-0.9573696,-0.58909124,0.62150496,-0.7064328,-0.6172054,0.5242315,0.4572576,-0.027270632,-0.9106506,0.2917056,0.79818606,-0.45198008,0.38619715,-0.56417525,-0.48068333,-0.20824015,-0.068552114,-0.38711438,0.17303146,0.74584424,0.71678513,0.6188948,0.54603046,-0.5762365,-0.15929793,-0.5025662,-0.20414327,-0.84703827,-0.860415,-0.37219882,0.8326555,0.1719303,0.9175831,0.79855776,-0.5820953,-0.23685113,0.2457268,0.04577787,0.31454277,0.59399194,0.26714325,-0.882253,0.5967169,-0.4848315,-0.84288955,0.091929264,0.58777916,0.27624127,-0.6171298,-0.5595413,0.99402213,0.7890399,0.21346669,-0.018986562,0.26479375,-0.5026128,0.08437629,0.56591475,-0.435966,0.5116067,0.26817372,-0.80996513,0.44854534,0.33037907,0.7339518,-0.8893935,0.12388126,-0.7850192,0.014077822,19376.215,0,0
4,0.025735848,-0.2662275,-0.5544179,-0.41330692,0.26981124,-0.45612732,0.47725224,0.022367448,-0.19197801,0.0007741805,0.48623782,0.6738809,-0.3383841,-0.36561593,-0.99320894,0.07234917,0.85363424,-0.43354848,-0.088193126,0.12203913,0.85053164,-0.8210965,-0.64159036,0.0073005036,0.16691227,-0.65980506,0.6747408,0.97851956,-0.012162099,0.63383305,-0.7607062,-0.9171548,-0.8839904,0.8621963,-0.89012074,-0.37733003,0.8555089,-0.34344438,0.15353003,0.47905448,0.73530555,0.5619892,-0.9335813,-0.8461364,0.625587,0.50752807,-0.2317337,-0.85107124,0.6300059,0.87000525,0.6459963,-0.14895858,0.73802626,-0.71351206,0.9561165,-0.42075488,-0.24739003,-0.6275479,-0.74238867,-0.38020116,0.5096285,-0.75359625,0.9218705,0.20517303,-0.3753929,0.2882522,0.83948106,-0.749357,0.36281794,-0.5169585,0.036310714,-0.7262798,0.4647022,0.1941402,0.87947255,0.50921863,0.19585064,-0.99367875,-0.7667691,0.78516215,0.090907745,0.8135673,-0.6150824,-0.3663915,-0.11117784,0.69688785,-0.51010114,-0.7732617,0.91264594,0.6499901,-0.99142945,-0.8127364,-0.0065783407,-0.8171574,-0.84672505,-0.9107264,-0.005832142,0.12881629,-0.4204626,-0.7400317,2369.9487,1,0
5,-0.2199075,-0.06616586,-0.91015524,0.0344931,0.7109976,-0.24970067,0.6049762,-0.8098325,0.68889666,-0.5814174,-0.50086933,0.7506638,-0.40962458,-0.14508761,-0.016980713,0.19901483,-0.026190761,0.5033566,-0.69834775,-0.25517315,0.06797131,0.29675496,-0.42905626,-0.5700583,0.1733473,-0.21540245,0.22500502,-0.57316816,0.09031689,0.2364077,-0.6021178,-0.72428066,-0.5721969,-0.05337744,0.5800679,0.6598703,0.3676442,0.21926843,-0.8708327,0.771769,-0.6585499,0.2537624,-0.16010843,0.34510136,-0.22861615,-0.10745896,-0.50458974,-0.41535166,-0.23734477,-0.7838081,-0.7492704,0.15538256,-0.7611673,0.76934195,-0.40699223,-0.38567388,0.21753208,0.4928833,0.33775496,-0.92582434,-0.88723755,0.38255405,-0.39889857,-0.9490165,-0.29646063,-0.84921575,-0.73285156,0.44928175,0.829329,-0.21644792,-0.43775913,0.767994,-0.46932295,0.46658355,-0.93085,-0.20496804,0.6891138,-0.88334817,0.37347946,-0.34926507,-0.43338612,-0.405165,0.9738932,-0.9104837,-0.8883433,-0.7686696,-0.8349552,0.8284331,0.86480534,0.85115427,0.8271205,0.43357906,-0.21328087,0.7647964,0.37920696,0.21471882,0.35955742,-0.41770965,0.16331671,0.61441356,19376.215,0,0
6,-0.57104975,-0.64358807,-0.8884946,-0.6872603,-0.48602945,0.6674582,-0.7205396,-0.538392,0.4747404,0.70604324,0.5283019,0.53063,-0.6523714,-0.49146426,-0.8045606,-0.67357326,0.41172752,-0.79959667,-0.7223981,-0.45563933,0.03581127,0.6449312,-0.11191409,0.7832152,-0.76959336,0.95602727,-0.22690034,0.30711412,-0.39926657,0.19716533,0.3350411,-0.35514593,0.61732507,0.85825,-0.48431554,0.61773515,-0.2286147,0.969578,0.5173809,0.688149,0.11720407,0.06934518,0.38146392,0.32417756,-0.0024475865,-0.17280194,-0.6020649,-0.3031438,-0.61552036,-0.25798172,0.6420939,0.58307874,0.20294668,-0.2646317,0.61667746,-0.6627928,-0.18319277,-0.041130368,-0.5754058,-0.19730702,0.44649357,0.6644603,0.71934384,0.2656847,-0.55342823,-0.9589499,0.092657484,-0.5378577,0.032015096,0.37266925,0.9059468,0.32613182,0.87592554,0.80160016,-0.977859,-0.45111707,0.019719528,0.50422496,0.050178085,0.06861456,-0.9622025,-0.8108735,0.77426267,0.59151137,0.15395801,0.19622542,0.88010323,0.9662473,0.6888409,-0.36817425,0.9542345,0.38358837,-0.7766219,-0.70417905,-0.76347655,-0.42001346,-0.4132143,0.91726583,-0.11084861,0.4769702,14428.604,1,0
7,0.88709426,0.42988452,0.894315,0.2525464,-0.7844113,-0.94657886,-0.66806436,-0.057708755,0.84184927,0.6684052,0.88903505,-0.1435047,-0.2037851,-0.19681016,0.9882919,0.60438913,-0.52295476,-0.30698836,0.43195403,-0.4566985,0.90612775,0.42857844,0.14470983,0.5497442,0.9259741,0.046438284,-0.6117242,0.56814253,-0.14648224,0.16434984,-0.11390789,-0.57205576,-0.09233985,-0.81567043,0.9724036,-0.20354997,0.77710086,-0.7404353,0.7851499,0.22531416,-0.24216928,-0.29592532,0.8625224,-0.78580296,-0.29651478,0.25254163,-0.8323334,0.77814054,-0.32129776,-0.8794324,-0.21817443,-0.928031,-0.515308,0.19626942,-0.61220384,-0.6402087,0.66574645,0.7971935,0.27871293,0.336324,0.20544834,0.6099875,0.040144052,0.65418005,-0.7470501,-0.76533955,-0.19758299,0.6312058,0.08987512,-0.23987393,-0.33041373,0.20700091,0.34104952,-0.2676055,-0.32322198,0.4098441,-0.37734267,0.45932722,0.69552666,0.95409375,-0.8632498,0.5758349,-0.19833097,0.6016721,0.06657119,0.18000463,-0.4638176,-0.3505747,0.8636768,-0.021889815,0.44581205,-0.6004192,0.5406401,-0.96120006,-0.2915582,-0.0012422123,0.3696471,-0.77425325,0.89832526,-0.8954019,173.8267,1,0
8,0.62635183,-0.56165886,0.20409428,0.22719418,-0.47336054,-0.56823134,-0.11085193,-0.7703695,0.6412817,0.011662873,-0.50698406,0.49208802,0.62251043,-0.93257064,0.62681085,-0.021009026,-0.17152235,-0.7352355,-0.8332938,-0.7130264,0.83691263,-0.21908331,-0.75970024,-0.67576015,-0.08502562,0.39921743,-0.789299,-0.35328883,0.48242605,0.83466196,0.3904588,0.96114945,0.24035156,-0.78888595,0.9501087,-0.12180893,0.031664733,0.15646906,-0.72632885,0.81686157,-0.017257115,-0.040066887,-0.038048815,0.5341101,-0.18704551,-0.47543976,0.6775372,0.5428582,0.83710754,-0.32374924,-0.66427505,-0.6611598,0.65655947,0.6088195,0.82175153,-0.8304995,0.8147897,-0.7873466,0.97216535,0.09302491,0.21359994,-0.48820043,0.968847,-0.6235675,-0.73572713,0.8193711,0.0043947976,0.36823425,-0.20260222,0.31976703,-0.21013843,0.6930251,0.8392957,-0.89369875,-0.42435116,0.55275047,0.77200747,-0.08099184,0.3692502,0.48389813,-0.84506196,-0.38586265,0.6210473,0.102228574,-0.64782107,0.6471304,-0.7824544,0.5433738,-0.58057386,-0.147489,0.724334,-0.19259284,-0.44510934,0.3535085,0.58931416,-0.8705132,0.35851657,0.05329143,-0.1268603,0.49419662,998.2328,1,0
9,0.679708,0.71181124,-0.040151514,0.72275597,0.39561105,-0.795414,0.9896006,-0.7487834,0.7283093,0.41616058,-0.12556154,-0.3428186,0.9073312,-0.45237857,0.2868165,-0.61605626,0.9944092,-0.38890213,0.35876328,-0.26611504,-0.90774465,-0.82759297,-0.65507376,0.9069953,-0.6577635,-0.74979043,0.9169199,0.089207776,0.6828389,0.25867778,0.9940705,0.32302228,0.8167786,-0.124188714,0.41188347,-0.42633158,-0.15126772,0.049116034,-0.46028268,-0.49398932,0.2295587,-0.9215217,-0.62721694,-0.8802232,0.62917686,-0.3810632,-0.31417704,-0.7925471,-0.712916,0.07178663,-0.5747115,0.8116409,-0.66319203,-0.07436855,-0.04113193,-0.3995393,-0.0030059272,0.32236987,0.20022774,0.5847185,-0.42676225,-0.81866395,-0.94550383,0.996787,0.13679406,-0.30828536,-0.28706935,0.9659631,0.21151277,0.19403024,0.30003375,0.88474905,0.30035186,0.43412873,0.02492319,0.6363195,0.863728,0.74794126,-0.17358184,0.7725415,0.9924829,0.91056764,-0.29777512,0.2828,-0.47007573,0.43266222,0.27680662,0.80682147,0.25650603,-0.87973994,-0.90685374,0.02182203,-0.3374441,-0.34400383,0.98571557,-0.94349164,-0.8998993,0.2934713,-0.8227805,0.3876753,119.72873,1,0
10,0.35815862,0.6393947,-0.6728711,0.20742418,0.26672918,-0.6633532,0.57971525,0.93448144,0.5093103,-0.19309981,-0.10004073,-0.4108312,-0.041228294,0.55570257,-0.40127075,0.23083915,0.25838423,0.36433086,-0.8130454,-0.7074641,-0.8875298,0.5190606,0.8956663,0.1868082,0.7354578,-0.415249,0.46787897,0.5746564,0.8209164,0.90998787,-0.977219,0.1816279,-0.13714811,-0.6835627,-0.14130522,-0.6783335,0.7014822,-0.6477051,-0.8442488,0.10243397,0.64632267,-0.36033997,-0.7597073,-0.3589932,0.15862878,-0.14487006,-0.10475796,0.1074057,-0.019746847,-0.6367089,-0.21454044,0.65645814,-0.82465583,0.91248167,0.24676278,0.5911085,-0.34401423,-0.78703964,-0.844089,0.11980779,-0.024940487,-0.031349707,0.88137954,-0.64089406,-0.58964217,-0.87266797,0.46809557,0.6802421,0.7933823,-0.9821469,-0.2595825,0.70737594,0.2230437,-0.03305405,-0.88685805,0.37444216,0.25677907,0.2763342,0.71447045,-0.671677,-0.9999599,0.066922344,0.55151945,0.108779535,0.7213851,0.038505945,0.42277274,0.8446643,-0.6764095,0.61912537,-0.55468047,-0.8881206,-0.1108837,0.12230408,-0.5962609,0.93841827,0.4935721,-0.20692264,0.9134009,0.73572516,19376.215,0,0
11,0.12534086,0.27221808,0.83618444,-0.7778705,0.673739,0.68275225,0.96052814,-0.33865428,0.44389626,0.3497596,0.055004437,0.2170629,-0.29874426,0.46163943,0.108904086,0.50257725,-0.67580044,0.98201835,-0.5795023,0.28001025,0.35238695,0.89823735,-0.9995527,0.19789946,-0.63607603,0.44279465,-0.6025793,0.97834253,-0.51450545,-0.24665177,0.9475265,0.1700007,0.186563,-0.8802288,-0.4796531,-0.59667724,0.88078046,0.7539698,-0.89733636,-0.028040376,0.9739377,-0.2833794,0.4775061,0.94760925,0.6895863,0.730523,0.81440973,-0.47300667,0.10035481,0.4543334,0.0014397803,-0.41752315,0.54022276,-0.70752275,-0.40745038,-0.21325207,0.34522858,0.8686772,-0.86609465,-0.9959285,0.26754782,0.06392535,-0.12397839,-0.7627067,-0.3625944,0.55766183,0.5583981,-0.020510254,-0.5021853,-0.4253925,0.23434788,0.60351944,-0.78168184,-0.18126202,-0.33727622,0.17846827,-0.74223936,-0.4702837,0.9005129,-0.58847785,0.24892686,0.06944852,-0.34253332,0.2559826,-0.9043198,0.8732681,-0.10526906,0.7154044,-0.70810264,0.6828425,-0.31651983,-0.23056471,0.35049063,0.051653102,0.34817618,0.2745167,0.35843363,0.18390554,-0.46863925,-0.9856141,1834.6545,1,0
12,0.95255506,-0.038181353,-0.036963943,0.98453593,-0.5790006,-0.44015735,-0.61893994,-0.9465356,0.91743237,0.9215434,-0.99480444,-0.18010782,-0.62875485,-0.18329522,0.28898042,0.2581548,0.1449188,0.979362,-0.42820653,-0.075382315,0.95714015,-0.2907652,-0.88749135,-0.7433653,0.9420653,0.24771081,-0.86228746,-0.92212737,-0.61730736,0.6766966,0.38093132,-0.8217673,0.40667546,-0.765644,0.08148828,0.65822756,-0.33770296,-0.5899193,-0.5597178,0.05061125,0.14941975,0.109161995,-0.6954123,-0.86630124,0.08834812,-0.80030024,-0.38987526,0.3647227,-0.79987663,0.92637926,0.46620083,-0.20921355,-0.89177734,0.87526023,-0.1548457,-0.07606204,0.123662844,-0.29706216,-0.8461572,0.6203154,0.052024696,0.42556563,-0.24222349,0.99362314,0.38421458,0.715931,-0.61934364,-0.11284849,-0.45140728,0.44885916,0.55678904,0.0024968705,-0.88903993,-0.16865948,0.59243596,-0.21534903,0.97363317,0.15744367,-0.58151984,-0.46643165,0.4641083,0.6763361,-0.039485075,0.086756155,-0.37856176,0.22995295,-0.43440852,0.33173347,0.09041073,-0.58901215,-0.30047676,-0.9419246,0.9855619,-0.5492633,0.44134063,0.23344763,-0.19079049,-0.97013456,-0.93062234,0.9217282,1389.2488,1,0
13,-0.27240086,-0.03236517,-0.19241327,0.040985785,0.25161636,0.8856309,0.50154,0.9594839,0.56001663,-0.2511124,0.20377573,-0.098327555,-0.85045505,0.14268298,0.30737075,0.0037970105,-0.37859175,-0.2812206,0.25993517,0.56826246,0.91339314,-0.7681336,-0.24640709,-0.07682279,-0.30933118,-0.6993396,0.42128515,0.47335,0.99940974,0.5711364,0.023801515,0.41829467,-0.6455655,-0.65980375,0.36141822,0.45810047,-0.3463475,0.92926633,-0.7132493,0.40862265,0.9838915,-0.23642114,0.86842555,-0.29255953,0.77413607,-0.2385039,-0.015309355,0.2861027,-0.5037858,0.32938397,-0.033581186,-0.5784279,-0.394141,0.6030966,-0.3970633,-0.55093575,0.387147,0.7124532,0.17281532,0.49460614,-0.21042031,-0.1950041,0.7861599,-0.6328838,0.83935577,0.017628724,-0.7230975,-0.860779,0.3835176,0.7949654,0.95576686,-0.6717899,0.18159197,0.34399867,0.8499424,0.31393924,-0.33327627,0.782829,-0.56421757,-0.20212807,-0.30548307,0.8568175,0.32686493,-0.3200665,-0.22538361,-0.6729566,0.3870255,-0.29911497,0.9660033,-0.5919228,0.40335974,0.039999038,-0.74841547,0.47689235,0.6524846,-0.66474575,-0.9740253,-0.2599088,0.67419493,0.052243926,9.463177,1,0
14,-0.6148382,-0.30273014,-0.04498776,0.11739104,0.7116605,-0.3684641,-0.20384392,-0.9171774,-0.1716596,0.08178068,-0.19216473,-0.57720166,0.005328428,-0.64632136,0.31262434,0.12126791,0.57023597,-0.13727425,0.97724587,-0.32240614,0.04679127,0.23158382,-0.33555168,-0.2536831,0.6133153,-0.3887541,0.06959945,0.5486055,0.49425918,0.47554076,-0.33533987,0.8190235,-0.7679937,-0.39058578,0.9134335,0.14877701,0.42772117,0.9979862,0.6944726,-0.57787025,-0.48119655,-0.7603748,-0.41108045,-0.16761786,0.119331054,0.86991084,-0.37060922,0.12358075,-0.24562715,-0.46596614,0.79541147,0.8539823,-0.3666381,0.37213418,-0.07461394,-0.42567486,0.9485356,0.4237226,0.78450865,-0.45697877,0.63417953,-0.77955073,-0.9226683,0.74538356,-0.41342655,0.24049482,0.44938952,-0.016482018,-0.9927802,0.3507363,-0.9681903,-0.5809688,0.75767154,-0.28288764,-0.60529304,0.80684114,-0.28026414,0.5490076,-0.3167601,0.33918038,0.27099052,0.74885625,-0.36797157,-0.1387306,-0.35321367,0.54103625,0.28138217,-0.4206868,-0.9468373,-0.5951981,0.25893,0.6957228,-0.06791348,-0.15749809,0.066150226,0.2777543,0.7570174,0.5596688,0.93450034,-0.9922347,11.748345,1,0
15,-0.0522068,-0.9168631,0.31244102,-0.15806606,0.6341576,0.017476313,0.3423458,0.076802544,0.07333333,0.18556939,0.53035814,0.08754934,-0.45107633,0.080554046,-0.010654853,-0.8221581,-0.05805717,0.062375214,-0.1247018,0.02074637,-0.8926926,-0.6375615,-0.66518223,-0.529128,-0.21491109,0.67713815,0.8845867,0.15541121,-0.21067587,-0.065268174,0.24023071,0.32041723,0.377225,-0.35618764,-0.9448833,-0.9149713,-0.9539535,0.7819525,-0.2986753,0.05909302,0.8271376,-0.11715828,0.013451477,0.29746667,0.18704593,0.21031861,-0.20647793,-0.32075092,-0.03725563,-0.13511586,0.46841577,0.23569354,-0.24374817,0.66112727,0.28009173,-0.07607961,0.28871366,0.4129043,0.23119482,-0.39324918,-0.8369794,0.057187725,-0.84495527,-0.90766984,0.059487045,0.39490038,-0.3747966,-0.8426851,0.07049586,0.5271796,0.050480794,-0.5540886,-0.4769695,-0.23785573,0.28066134,0.4249785,0.3422878,0.9573656,-0.95620817,0.42808104,-0.08304795,0.79672116,0.4832113,0.87484664,-0.58940786,-0.62689644,-0.22035047,-0.42273834,-0.1625415,-0.6664953,-0.7887478,0.6372041,-0.67914647,-0.56298846,-0.69781834,-0.031326033,0.15991478,0.34535974,-0.38958922,-0.70967203,117.00124,1,0
16,0.6937881,-0.34463122,-0.07303095,0.22430138,-0.872008,-0.20178139,0.64912164,0.48054215,0.09651177,0.9974746,-0.9699882,0.11428964,0.7294568,0.4250291,0.42919075,0.13942324,0.38429344,-0.44579124,0.15773231,0.31126764,-0.36378622,0.109909534,0.12645508,0.52639145,-0.52099013,-0.98734546,-0.40457258,-0.44957998,0.9979184,-0.26498923,-0.29691812,-0.5361541,-0.6951974,0.26451075,-0.63304627,-0.41056517,0.87931156,-0.50013226,-0.7641796,-0.24552792,0.9481094,-0.045772366,0.52186155,-0.84447265,-0.40193313,0.96504736,0.7123875,-0.008325024,0.38172477,-0.0036199368,-0.5629083,0.22521123,-0.4377965,-0.67437476,0.23160069,-0.19229278,0.38079187,-0.08954959,0.29741725,0.30125663,0.8130014,-0.3939468,0.8936485,0.26749825,-0.5589608,0.5406897,-0.31538403,0.4704355,-0.9056626,0.035348244,-0.08525442,-0.33668575,0.8576708,0.6982872,-0.19028774,-0.14967567,0.30416265,0.7791728,0.8982427,-0.48277003,0.22801413,0.5476014,-0.98455673,0.26496637,0.9018156,-0.54476964,0.88942313,-0.44756228,-0.6691983,0.016061028,0.2809959,0.67454875,0.14511342,-0.6276891,-0.02787848,0.064224705,0.5041232,0.49943438,0.5555128,-0.30500495,5351.3154,1,0
17,-0.08689324,0.6447789,0.85284686,0.1307814,-0.8280516,0.8585905,-0.82064265,0.22945598,-0.68576664,-0.8606334,-0.66301244,-0.4303852,0.38777554,0.25454953,0.23855174,-0.6500801,-0.49633187,0.09293987,-0.92288816,-0.3568463,-0.935167,0.03278727,-0.12904955,0.3602883,-0.09095425,-0.15749861,0.6412951,0.32489437,0.26364365,-0.76584625,-0.67468256,0.67854065,0.16223995,0.99001986,-0.92310387,-0.68766826,-0.063740775,0.9452793,0.005091889,-0.31852967,0.42899063,-0.674187,-0.17933533,0.44369373,-0.6903726,-0.78810453,0.67897755,0.04850876,-0.23420998,-0.39918533,0.8466231,-0.29609796,-0.44934937,0.25393933,-0.7924559,0.051136684,-0.6930104,0.24205106,-0.6170704,-0.014607493,0.64898217,0.20765398,-0.5995571,-0.099755295,0.76657414,-0.23489699,0.5807761,0.43819106,0.5560989,0.5866521,-0.85066265,0.38836807,0.75885975,0.7279458,-0.9109113,-0.68491447,-0.44460535,-0.37628576,-0.4860964,0.32050243,0.64381367,0.38920325,0.046042416,0.25693703,-0.16167864,0.20224133,-0.21410446,0.23739661,-0.72313505,0.33016348,0.19561557,0.1237524,0.3180758,-0.19492665,0.78255695,0.91481614,-0.7321102,0.7266814,0.503293,-0.2817029,19376.215,0,0
18,0.6377696,-0.4438217,-0.18726695,-0.549054,-0.119600825,-0.38658753,0.2613486,-0.43988854,0.970372,-0.029211806,-0.4008068,0.28687304,0.93031734,0.8889538,-0.6262354,0.75863755,0.57592916,-0.9410015,-0.18762176,-0.4953625,-0.27266812,0.2089808,0.11672707,0.5424289,0.13920625,-0.5530318,0.28969172,0.5769225,-0.23488677,-0.6142706,0.5855823,0.52526563,-0.72564626,0.99253654,0.55516785,0.23376667,-0.9614879,0.221659,-0.3454551,-0.055732492,0.49935555,0.017831856,-0.20594738,0.53143775,0.65385205,-0.7965134,-0.6799731,-0.17650372,0.29345462,0.33653492,-0.7627544,-0.8380918,-0.6364198,0.013606396,-0.29352027,-0.951573,-0.23801234,-0.36870494,-0.16215065,0.4967628,0.2167304,-0.2642971,-0.24662004,0.23614633,-0.72156835,0.9016454,-0.26622579,0.64089227,0.8137719,0.83192223,0.6754669,0.95734847,0.05967078,0.41510957,-0.9309182,0.3224118,-0.05959316,0.048870087,0.11827196,0.8518285,-0.6870451,0.6783753,0.14593703,-0.48476177,-0.12953804,-0.08757469,-0.8993551,-0.23664449,-0.26410335,0.7878451,-0.11996206,-0.8060177,-0.30589485,0.38425285,0.8559833,-0.60819215,0.19757965,0.31489554,-0.26040122,0.017834216,5123.9395,1,0
19,-0.05148263,-0.47665307,-0.06933504,0.79853475,0.8392636,0.6602046,-0.12983008,-0.46716633,-0.1528422,0.6244564,-0.67272794,0.04223026,-0.15243532,0.030066699,0.36367777,0.97687316,0.95818263,0.625237,0.45448297,-0.12800819,-0.7227367,0.018350016,0.24142072,-0.62487525,0.97119653,-0.65046126,0.8240949,0.7033448,0.48763508,0.57639337,0.3108658,0.94300485,0.2900159,-0.5677345,0.93036944,-0.20604534,-0.32617766,-0.15344045,-0.29381776,-0.15850784,0.49852592,0.41432777,-0.37967357,-0.3099016,-0.2710361,-0.43437254,0.0001776765,-0.18973987,0.8041235,-0.94734395,0.8683043,-0.9347551,-0.9047346,0.6016797,0.35748592,-0.8188651,0.3236266,-0.24383062,-0.86492056,0.10236064,0.12858531,0.38747582,-0.827002,0.9878448,-0.7149751,-0.54936117,-0.86647826,0.6049072,-0.08132027,-0.07382584,0.023603633,-0.5823747,-0.8674095,-0.3324305,0.6742273,0.22650553,0.2808014,-0.105971575,-0.92185616,-0.094683774,0.8268198,-0.1554288,0.33721074,-0.86251044,-0.31643152,0.9314661,0.21773903,0.82876915,0.5934089,-0.23556189,-0.40710998,-0.9909461,-0.75636375,-0.68702686,0.6568331,-0.7920126,0.89532304,0.98522925,0.61097234,0.59820646,9778.882,1,0
20,0.8267955,0.4251665,0.83817774,0.8023974,0.37316734,-0.78098625,-0.38159072,0.8053928,0.74770725,0.5958699,0.6408992,0.35124576,-0.58772266,-0.5587026,0.55060565,-0.72515154,-0.32707655,0.23154794,-0.065915994,0.9346668,-0.8396766,-0.6341054,-0.5832689,0.27924833,0.6823639,-0.91099733,-0.7066632,-0.5766868,0.53582644,-0.15335418,-0.08666392,-0.59359217,-0.4876104,-0.7021335,0.15074374,-0.3077964,0.35046056,0.34182554,0.6855126,0.2494338,-0.9208164,-0.88055414,0.583169,-0.24894942,0.6504082,0.42955056,-0.7060563,-0.21534735,-0.15573034,0.73503983,0.29419634,-0.8975753,-0.040551383,0.02590705,0.5635726,0.23123544,0.36740866,0.3855774,0.88460237,-0.24011308,0.7088596,0.23502249,0.04712851,-0.9820797,-0.14099492,-0.74484074,-0.69447845,0.9463184,-0.44865766,-0.8068041,0.7085381,0.24690089,-0.6985155,0.1104617,-0.50883156,-0.28729132,-0.9136436,-0.19675104,0.99914694,0.62734574,0.37628776,-0.76403797,0.76627475,-0.08172076,-0.6161523,-0.9547455,-0.9597736,-0.7533156,0.26327032,-0.52696335,0.91966885,-0.35223046,0.09128561,0.19467083,-0.5595394,-0.43663698,-0.7552157,-0.38582915,-0.793383,0.2497584,78.27915,1,0
21,0.88699824,0.6729311,-0.3465673,0.67864513,0.43479165,0.13043486,0.19216633,-0.5786124,0.28790826,-0.7683523,-0.7133031,-0.55235034,0.459345,-0.117847905,-0.14122036,-0.22019346,0.9219298,-0.3532288,0.3294229,-0.16858344,-0.3211435,-0.20649587,-0.35031024,-0.90730494,0.2919918,0.74768245,0.16486299,0.8002975,-0.21299036,-0.84386694,-0.9107627,-0.5526305,-0.14260799,-0.8941866,0.89426345,-0.8692891,0.20055534,-0.70073223,0.433645,-0.7622285,-0.75874704,-0.07312303,-0.49943832,-0.11139367,0.7691066,0.6565544,0.18047023,-0.49099985,-0.854584,-0.8707891,-0.15379605,-0.07636295,-0.3409836,0.25618872,0.8715936,0.2206114,0.254848,0.23999694,-0.4115751,0.4877273,-0.57805693,-0.23583601,0.13715012,-0.8928546,0.8594217,0.6444209,0.07342365,-0.38440555,0.06827812,-0.09624997,-0.23529586,-0.046892826,-0.33491477,-0.31215885,0.888549,0.8128551,0.29851252,0.92295855,0.78202236,-0.56233627,-0.90835714,-0.32840368,-0.18367885,-0.39338383,0.42584857,0.5835576,0.82204837,-0.48257193,0.967365,0.57177764,-0.06302833,-0.93782973,0.93119246,-0.21396005,-0.3170911,-0.9639309,-0.8960812,-0.64048296,-0.7817271,-0.17810212,19376.215,0,0
22,0.48313028,0.14761989,-0.13668567,0.01190796,0.040002253,-0.23780157,-0.417714,-0.7830046,0.81234455,0.35729325,-0.14418109,0.2998543,-0.9624891,0.8581553,-0.58157086,0.06654263,-0.22519855,0.63015306,-0.73273206,0.2060958,-0.69709194,-0.5604229,-0.99560505,0.3607863,-0.30080387,-0.41984358,-0.017074445,0.545331,0.48368192,-0.24753481,0.08687316,0.27124786,-0.25782216,0.826545,-0.27026716,0.33974856,0.59076685,0.00842578,0.3779826,0.2051193,-0.31300408,-0.5437351,0.98181087,0.66329753,-0.89915365,0.19741882,0.1673816,0.21503009,-0.5642164,0.4147617,0.29763535,-0.7167055,0.73094106,0.8076337,-0.5260498,-0.38683486,0.8556826,-0.39528048,0.6730696,-0.9101903,0.07169193,-0.24674596,-0.1589343,0.40387198,-0.9559529,0.8203774,0.8428538,0.7296479,-0.49679804,-0.7328409,0.5744276,0.88143224,0.27584314,-0.67291224,0.66815066,0.14652784,0.9583306,-0.67507637,-0.0426803,-0.069111444,0.6494537,0.019839216,-0.65915465,-0.40923935,-0.15386266,-0.43922263,-0.21683064,0.98363715,0.76974964,0.1247272,0.43723375,0.25802994,0.40555257,0.8939107,0.8846033,-0.41353792,0.4947744,-0.18702929,0.67636836,-0.8749103,1987.7739,1,0
23,0.39095932,-0.46818766,-0.5780444,0.3013821,-0.999439,-0.69170636,0.6679182,-0.504456,-0.36250544,-0.9092915,0.59840727,-0.9197765,-0.12507772,0.66959023,-0.5021679,-0.22410846,0.63816494,0.8531919,0.0325105,-0.9187365,0.23240605,-0.9896527,-0.21093121,-0.81661576,-0.25602868,0.83720666,-0.12623116,0.372823,-0.6294111,-0.30291784,-0.79676676,-0.44531834,-0.022093412,-0.50970936,0.092236124,0.30665126,-0.44889408,0.85380495,-0.18371518,-0.03691116,0.20301491,0.5842333,-0.7053747,0.5568482,0.30606177,0.29402503,-0.71245766,0.99629253,0.90942174,-0.13516328,0.83047,0.8385382,0.9517509,-0.4151892,0.599049,0.26746714,0.6719039,0.85468984,-0.5700614,-0.66660976,-0.17614757,0.38961333,0.41165203,0.87935907,-0.02337902,0.29974377,-0.66430724,-0.943877,-0.6942701,0.684134,0.14244184,0.64106834,0.9761657,0.72610426,0.0518814,-0.9682064,-0.5603287,-0.803082,0.42967013,0.6301533,-0.042182535,-0.73750573,-0.4120378,-0.9815119,-0.99595606,-0.8933588,-0.6148936,0.25147524,-0.49793765,0.69992954,-0.7483669,-0.101062454,-0.44577685,-0.47296068,-0.006984879,-0.56220335,-0.6710712,0.74863297,-0.25569105,-0.51273173,7818.0825,1,0
24,-0.27231994,0.88179344,0.90181386,-0.010664386,-0.70058626,0.4935961,0.11397238,-0.9671805,-0.9584098,0.8875748,0.16655545,0.64442927,-0.85105556,-0.033563636,0.6927933,0.7974089,-0.83139515,0.1491138,-0.51572365,0.46731058,0.7229271,-0.6150075,0.5766552,0.49027267,0.56459606,-0.2604231,0.6295207,0.4993614,0.7512126,-0.60827017,-0.8553166,-0.6781314,-0.36719468,0.67857933,0.00787819,0.5760356,0.059374608,0.41442007,0.33731472,-0.30121943,-0.1601726,-0.76621,-0.21605873,0.053947642,-0.691963,-0.875787,-0.47892922,0.5420603,0.73321223,0.6147957,0.3943799,-0.8460211,-0.6634482,-0.5607898,0.0039925775,-0.04892863,0.54044145,0.3648151,0.26431787,0.17915758,0.6278734,0.7986545,-0.3013182,-0.3925028,0.0327567,0.7691278,-0.34698603,-0.87290484,-0.31027743,-0.5175867,0.7139403,0.60147226,-0.111868784,0.5632955,0.6175189,-0.7742038,0.26530054,-0.30832157,-0.2438641,0.4824083,0.52660537,-0.51022273,-0.07468915,-0.53672445,-0.28002557,-0.4513188,0.96646285,0.6032573,0.93760866,-0.89037913,-0.19845288,0.18060449,-0.25783372,-0.09967302,0.58466566,0.03333341,-0.6690057,0.8055865,-0.22707365,0.9345415,6.4477134,1,0
25,-0.44586876,0.13386823,0.4494101,-0.9839168,0.7391111,-0.8633363,-0.6544944,-0.3063542,0.6490197,-0.6937212,0.5870144,-0.91670626,-0.9983494,0.8115779,-0.88635314,0.9200196,0.27908647,-0.49288675,0.33912304,-0.72166276,0.96400297,-0.6659214,-0.6108652,0.9276742,0.88369316,0.3366896,0.9845437,0.014398896,-0.41192403,0.8951086,0.5270034,0.7591544,0.10675385,-0.42623457,-0.28017202,0.5214965,0.03523749,-0.9622636,-0.2914652,-0.95060647,-0.1435411,-0.84968895,-0.7300596,0.88668567,-0.70603645,-0.5933599,0.9154883,0.07056069,0.7895085,0.31953314,-0.9070758,-0.6862163,-0.25579324,-0.6785744,0.5115949,-0.3591086,-0.28570893,-0.5886196,-0.5372767,-0.101028785,-0.9546173,-0.7857406,-0.29684025,0.97269255,-0.61091113,-0.087760955,-0.16601029,-0.943156,-0.9855314,0.84304935,-0.076528825,-0.23550111,-0.22429027,0.103611104,0.96504956,-0.38581413,0.14498617,-0.52073765,0.13593048,0.9699128,-0.02824398,0.24055208,-0.47082847,-0.20892198,0.38283563,-0.48892188,-0.7940231,0.5756139,-0.76505923,-0.6385971,0.4306999,0.43935725,-0.21149938,0.99016136,0.39602745,0.62070197,0.2613398,0.25446367,-0.24786419,0.09213653,69.93033,1,0
26,-0.07232982,-0.29523253,0.7097222,-0.92007744,-0.17530061,-0.6478445,-0.19583501,-0.45294714,-0.74679625,0.999346,-0.6664417,-0.97619766,-0.67812544,0.31194007,0.9671247,-0.5701648,-0.14531589,0.06373378,0.45350254,-0.15727247,0.85441816,0.5234732,0.68859285,-0.45721915,0.9495256,-0.21860465,0.12576553,0.4774942,0.6018582,0.63683873,0.3828487,-0.7974462,-0.28876993,0.79722756,0.26565546,-0.9412239,-0.45110515,0.7179148,-0.41524473,0.40198952,0.37544283,-0.02466301,-0.77073467,-0.6608926,-0.94822997,-0.40898073,0.9600985,0.7614549,-0.78637767,-0.23027988,0.94921374,0.81977373,-0.07224709,-0.99366385,0.246072,-0.12626192,0.14421913,0.81091195,-0.5343282,-0.45701727,-0.8364514,-0.81175596,0.6259945,0.009307446,0.7715449,0.77022475,0.81363195,-0.005222916,-0.43009952,0.5078418,-0.8981419,0.7465052,-0.49255985,-0.4271963,0.23299392,-0.6842843,0.946113,-0.8778544,0.37785324,-0.64817053,-0.07167171,-0.83718824,0.42648134,0.4686902,-0.5169612,0.15875678,-0.7610154,0.19718224,-0.613047,-0.44236133,-0.2037016,-0.68716735,0.70219225,0.5154585,0.33855554,0.05290617,-0.35999253,0.6488878,0.82197183,-0.8819283,3634.5098,1,0
27,-0.13474132,0.813241,-0.32327658,0.01174263,0.3408845,-0.07052331,-0.43552685,0.9612951,0.5275147,0.09519842,-0.5321874,0.44614673,0.73138696,0.43424806,0.26114762,-0.073510855,-0.3341231,-0.5598281,-0.9603977,-0.7931975,-0.8363358,-0.19027784,0.33182007,-0.31125432,-0.3715439,0.3239758,0.9072013,0.41789815,-0.65931,-0.72411,0.36663026,0.73446643,0.46595526,0.4542203,0.960508,-0.6466271,0.7274358,0.4599564,0.7467441,0.14201383,0.30866584,-0.35618368,-0.22995345,-0.8894646,-0.29546463,0.7927392,0.18178198,0.63389003,0.49516732,-0.65461254,0.0121542495,-0.63021475,0.35233113,-0.21922594,-0.42597315,-0.6361908,-0.46309477,0.60937047,0.09913611,-0.11472069,0.6529341,0.6798789,-0.58839226,-0.44292906,-0.7291047,-0.8735939,0.45113418,0.42203036,0.92870903,0.3299927,-0.018494742,0.8909541,-0.64759314,0.039631262,0.6228135,-0.23893663,0.7478672,0.37534672,0.5637901,0.68070906,0.21429507,0.56145,0.32337865,0.01275048,-0.9008997,-0.7006988,0.0928694,0.28012156,0.17561288,-0.7850025,0.7471102,0.71341264,-0.71919256,0.081814684,-0.94735926,-0.26338512,0.9895124,0.20361449,-0.9712248,0.84505266,0.48133153,1,0
28,0.7109011,-0.49272752,-0.8893075,0.2541377,-0.81803733,0.95534277,-0.41779906,-0.33465415,-0.6483145,-0.32287443,0.8366671,0.13646625,-0.66635853,-0.57141674,0.13539067,-0.029897584,0.13187839,-0.14072567,0.70757717,0.98317444,0.96103626,0.7129536,-0.65598625,0.015075911,-0.70513463,-0.40702295,-0.86646,-0.0024479437,-0.7052942,-0.9868522,0.5257714,-0.5040703,-0.9513235,0.1480278,0.1269242,-0.58750385,-0.129174,-0.48158768,0.4172153,-0.92156667,-0.54916584,-0.8632449,0.44498175,0.95172125,0.31928834,-0.8765521,0.13722607,-0.3801609,0.936624,-0.17488797,0.25456664,0.24502803,-0.2905841,0.7596037,-0.3507089,-0.6953763,0.672774,0.5538129,0.08787767,-0.8007257,0.09636223,-0.3873758,0.66718435,-0.2727156,-0.553951,0.7168915,-0.89639443,-0.33984202,-0.9751708,0.51578754,0.4623529,0.023055006,-0.115776986,0.45072877,-0.5098233,-0.6478962,-0.033947486,0.71297824,-0.92744726,0.08825682,-0.26953554,0.71535575,0.4269622,-0.20636287,-0.6677731,0.6203552,-0.8304402,0.35302955,-0.9485281,-0.6715069,-0.91559434,-0.5857575,-0.32199633,-0.4916666,-0.77732867,0.36958203,-0.019195542,-0.9158617,-0.6907627,0.8888861,2376.6465,1,0
29,0.2947959,0.47486535,-0.2699114,0.012931206,0.5526519,-0.59666705,0.38831422,-0.8287918,0.67951524,-0.7418229,-0.52512157,-0.2603303,0.34691566,0.08332498,0.9352731,-0.94576406,-0.63764745,-0.886368,0.17183727,-0.016632129,-0.06396535,0.71451867,0.5316422,-0.2846685,0.7599888,-0.84389436,0.31009328,0.88143706,0.8499071,-0.7143219,-0.2207538,-0.17572236,0.86061066,0.83617884,-0.4100292,-0.054200076,-0.45743415,-0.11793691,-0.19049108,0.31798127,0.45867893,-0.85543305,0.60940224,0.24813452,-0.6713016,-0.7611102,-0.09446631,0.010439708,-0.9991673,-0.7270277,0.87700176,0.44709963,-0.5539764,-0.37971073,-0.970788,0.8779156,0.9732903,-0.4087187,0.31716645,0.66791004,-0.58178526,0.7104486,0.5107342,-0.8510837,0.017703634,0.87416416,-0.7087903,0.93621874,0.4416289,-0.4635862,-0.21957444,0.48328286,0.7932388,-0.6559698,-0.09765868,0.24096774,0.49389908,-0.6749919,0.26170266,0.17106846,-0.76474035,-0.4099372,-0.588007,0.16730517,-0.29003137,0.79556674,-0.74102074,0.004933319,-0.5356708,0.17531697,0.04530307,-0.46017557,0.49109972,0.37534294,0.86691064,-0.47046143,-0.18836366,0.7247406,-0.37512597,-0.3805807,19376.215,0,0
30,-0.6315724,0.74134094,0.27772832,0.5007241,-0.93715197,-0.32754803,0.054018002,-0.58012825,0.34504706,0.20485525,0.46789628,-0.29642668,-0.6398433,-0.8928253,0.77540183,0.44176835,0.18436363,0.10424303,-0.81278026,-0.087655656,-0.89778674,-0.34985882,0.17774917,-0.7405441,0.9512625,0.7190771,-0.94501,0.6009758,-0.18447761,0.633726,0.63321286,-0.5512026,-0.7108281,-0.7104435,0.3192857,0.5958499,-0.40971026,0.7234477,0.6041929,0.97805786,0.07170863,0.9036751,0.707803,-0.8957298,0.4952569,-0.43666852,-0.22500435,0.044861484,0.06667665,-0.10971437,0.020204483,-0.07100301,-0.6524518,-0.7258176,0.9979645,0.22576895,0.79125255,-0.39175168,-0.22341461,0.9707671,0.11388977,0.783349,0.22026578,-0.74749297,0.27413335,-0.36144486,0.30923572,-0.68128663,-0.1178606,-0.92492545,0.75418144,0.7875533,0.5017759,0.3505735,-0.9047607,0.8045845,-0.9827031,0.75081134,-0.5889021,-0.6975029,0.1742166,-0.41057846,0.99458784,-0.43623963,-0.7220993,0.15082139,-0.29356086,-0.5925065,-0.19033785,-0.12721658,-0.67040956,0.60110885,-0.2744718,-0.9427036,-0.51096094,-0.27219898,-0.055962373,-0.46973673,0.23957144,-0.7809619,19376.215,0,0
31,0.24511206,-0.054386213,0.66990393,0.49744576,0.4191143,-0.18494815,-0.7941301,0.61115205,0.50979877,-0.67835057,0.44272313,0.66937655,0.982506,0.58286536,-0.43113068,0.14241222,-0.068338916,0.73155874,0.4627088,-0.47606474,-0.18381906,-0.8424621,0.7008407,-0.010254709,-0.043582797,0.6437606,0.53169376,0.9353749,0.92433894,-0.23356107,-0.5276222,-0.46487015,0.17931421,0.7140202,-0.022547945,0.42771268,0.4983872,-0.8714843,-0.3729961,-0.39764383,-0.26853862,-0.98117083,-0.30378482,-0.6998724,-0.91917646,0.3097853,-0.5444726,-0.28287446,-0.5523893,-0.8043504,-0.94084114,-0.7826254,0.91938895,0.42379895,-0.30784056,-0.11248047,-0.5684091,-0.6454593,0.08140753,0.91163915,0.32734224,0.1335716,-0.66949314,-0.9782021,-0.5992742,0.36378652,-0.91680133,0.6599147,0.6076775,0.68378013,0.5465785,-0.8835772,-0.8931998,-0.16931395,-0.16230161,0.35948837,-0.015836563,-0.32128137,0.26576,0.9468781,0.58886313,-0.2175261,-0.06423349,0.094394475,0.01915839,-0.44117397,0.7678563,-0.6785698,-0.6742321,0.22811733,-0.38490817,0.8229908,0.9319644,0.78407824,-0.23606113,-0.85444754,-0.34753704,0.017247658,0.625293,0.57501143,2511.3047,1,0
32,-0.03634821,0.43857825,-0.6154589,-0.8990929,-0.5315235,0.68227404,0.4848042,0.9856947,-0.07366976,0.28693488,-0.034298595,-0.61753285,-0.6880772,-0.030763106,-0.21433592,-0.65572906,-0.55277646,0.9807174,-0.061264124,-0.9795667,-0.4322027,0.26618275,0.7089341,-0.04962045,0.6432394,-0.21054472,0.69481415,0.6041779,0.51583946,0.9493149,0.73285055,0.08164859,-0.22119859,0.5763411,0.64524186,-0.4392322,0.08012658,-0.7796615,-0.88204736,-0.6304209,-0.59466124,-0.9364965,0.7728662,-0.3144155,-0.39971524,-0.18435833,-0.56307,-0.48146543,0.79204166,0.89372706,-0.3287146,0.57824194,-0.5005349,0.098892905,0.74926996,-0.28092363,-0.27933118,0.8320898,-0.38674068,0.26991078,-0.32464468,-0.95587933,0.61185044,-0.7134968,0.25680563,0.928751,0.06880661,-0.7141851,0.7147901,-0.7819135,-0.34507966,0.90426624,0.577197,0.29984644,0.8601079,-0.8822611,0.53989923,0.62308115,0.0036348298,0.7806163,-0.119961366,-0.107765384,-0.19771299,-0.96846277,0.48235142,0.5471187,-0.28113326,-0.85965145,-0.13072132,-0.093991205,-0.92188966,0.92865753,-0.6832655,0.95033926,-0.3411937,0.96947205,-0.5205333,-0.12089491,-0.38462323,-0.41332662,4823.724,1,0
33,-0.82085717,0.18882573,0.55797386,0.26685205,-0.14723286,-0.115092196,0.7893475,0.5623591,-0.12512423,-0.924658,0.73929566,0.4490583,0.3057015,-0.71871835,0.61330074,0.6902305,0.3540987,-0.6674912,0.31924453,-0.6913148,-0.14123353,-0.98538065,0.9629303,0.38767856,0.1990154,-0.24612997,-0.4455098,0.9604368,-0.7959666,0.05930525,-0.48320425,0.32765642,0.9888131,0.23578809,-0.22989476,0.692119,-0.059620697,-0.57568914,-0.30235672,-0.04390333,-0.16580628,-0.4072846,-0.36169156,0.03062396,0.7392458,0.46727812,-0.46895847,0.13317572,-0.8856458,-0.84976006,0.20791514,0.6103173,-0.88555026,-0.9127574,0.5058129,-0.3067057,0.36995372,-0.099916466,-0.16942014,0.7003613,0.8306714,0.77781034,0.86245495,0.84459627,-0.9428452,-0.41759393,0.5857459,-0.31946418,-0.039611965,0.7510075,-0.19997837,-0.32446006,0.39136937,0.78780395,-0.14848025,-0.4478525,0.47536242,0.4109056,-0.42088476,0.92195964,-0.71724385,0.5000159,0.2241557,-0.7121581,-0.2259724,-0.3452568,0.642114,-0.6781446,-0.26226807,0.50729394,-0.5476204,0.75640047,-0.3953629,0.15047555,-0.9809713,-0.8938452,0.03518477,0.4515637,-0.6226019,-0.5173954,842.32825,1,0
34,-0.55051637,-0.9589399,-0.24454477,0.83974147,0.109948486,-0.6842876,0.87365705,-0.979188,0.42435488,0.91446054,-0.6172812,-0.4266991,-0.040096443,-0.369921,0.17748486,-0.27728784,0.7990048,0.6236652,0.097292244,-0.3295304,0.84615004,-0.6130196,-0.6668763,0.7670203,-0.6795089,-0.16115597,-0.19856422,-0.5276243,0.4337589,0.6850781,0.44631726,-0.030875746,0.77224094,0.8531007,-0.19090438,0.8602878,0.63486284,-0.9674204,0.93094873,0.2941114,0.5651751,-0.20708981,0.525249,-0.44737694,0.38183314,-0.005880753,-0.46885526,-0.76015264,-0.36748248,0.3150086,0.16803093,0.52666515,-0.30275002,0.6784886,0.48149306,-0.2708165,0.63432455,-0.8349875,-0.34995553,-0.3467021,-0.94928145,-0.09532525,0.9240877,-0.41519088,0.01963649,0.37685898,0.9501013,-0.58529264,0.8784289,-0.47540775,0.40539223,0.9303139,-0.33754975,0.28491387,0.14729857,-0.7431578,-0.04576397,0.42508578,-0.74207795,-0.9304049,0.00050408585,0.098784946,0.19934034,0.4557153,-0.8921107,-0.7513174,-0.17105348,-0.8040919,-0.3099312,0.25298223,-0.33193567,-0.94573647,0.4872471,0.75394094,0.51634616,0.5496798,0.91333705,-0.32194787,0.3444073,0.5561195,19376.215,0,0
35,-0.12472337,0.17811729,0.2873247,0.7810248,-0.7325054,-0.051086005,0.76045996,-0.14313269,-0.10066062,0.014358344,0.87322444,-0.42618802,0.22080843,0.689531,0.7284539,0.71880513,-0.19653104,-0.18924393,-0.51304877,0.8560174,-0.01324199,0.9567924,0.31487793,0.14230795,0.44537854,0.53899765,0.798303,-0.34153903,0.14303581,0.7347866,-0.9706024,0.8264785,0.99641335,-0.25867948,-0.5733553,0.58321154,-0.48869318,0.6300263,-0.24303299,0.47800454,0.54716355,-0.15287188,0.5338931,0.2760456,-0.11234289,-0.46054828,-0.00989468,-0.53054786,0.45653263,-0.3247936,-0.78253394,-0.7288962,-0.26119977,-0.39777806,-0.46942762,-0.6874206,0.90059525,-0.12989524,0.16368443,0.51278186,0.30488145,-0.8347411,-0.6588893,0.04363361,0.82703805,0.13340268,-0.48261657,0.71056664,-0.697159,0.19107836,0.71675724,0.56510305,0.5757278,0.4794513,-0.7682366,-0.5945295,-0.40799755,-0.51978105,0.36622924,-0.8162096,0.3711237,-0.019839436,0.44332814,0.855819,-0.06478768,0.37169522,0.067499526,0.19506635,-0.8528508,0.24860816,-0.3614636,-0.25986466,-0.6046061,-0.8962203,0.20389478,-0.44407445,0.8442314,0.16389781,-0.3796004,0.78420085,19376.215,0,0
36,-0.80390704,-0.006697318,0.7923065,0.4589726,0.8756291,-0.49095166,0.51200956,0.65707093,0.8787919,0.34871617,0.4787404,0.40839905,0.5355301,-0.26941165,0.98137057,0.2523598,-0.7538714,-0.06319481,-0.78411335,-0.87182575,-0.27756822,0.931077,-0.85741705,0.08135282,0.8886289,0.35674343,0.046856403,-0.2665138,-0.25229275,-0.970814,0.3666055,0.24154511,0.0860596,-0.84005636,0.2832163,-0.27559522,-0.98718864,0.68269634,0.70660204,-0.6709744,0.26007622,-0.6444376,-0.6857614,0.7766227,0.9753109,0.42285514,0.65635407,-0.2590598,-0.6948567,-0.17269355,-0.21363358,-0.026538953,-0.055158008,-0.35449445,0.10289647,0.77240014,0.07487399,-0.79044914,0.38537633,0.60462874,0.04038431,0.5704438,0.7004289,0.999721,0.9226323,0.993989,0.6091345,0.7084304,0.73478687,-0.77345437,-0.62339544,0.4246157,-0.3120153,-0.17476493,0.79082245,0.9724467,-0.6356101,0.6172817,-0.32097557,0.14014944,0.9487278,-0.7894754,-0.75383353,0.96518373,-0.69192153,0.9737678,-0.343283,-0.040512063,-0.019724201,0.7876911,0.38078642,-0.90971565,0.81293464,-0.3389419,-0.08162309,-0.09874798,0.16304025,-0.31177118,-0.03359667,0.24370301,19376.215,0,0
37,-0.3365845,0.04625752,-0.64633375,0.18709344,-0.19386873,0.41791862,0.3941684,-0.14009239,-0.2278637,-0.16678905,-0.9562399,0.0304302,0.8168466,-0.94062215,-0.9367183,0.2754169,-0.49102652,0.4080333,0.50758463,0.47869152,0.21772213,0.25367683,-0.53966933,-0.80299413,0.42660397,0.7332868,-0.56022525,0.9158555,-0.23848635,0.096289866,0.062457863,-0.9799011,-0.10075647,-0.42393056,-0.34386933,0.5023432,0.54060936,-0.57858235,-0.8501872,0.72921175,-0.3786152,0.6244931,-0.23758015,-0.28421316,0.23201446,-0.9393622,0.7616214,0.97611344,0.054926187,-0.6598309,-0.6148581,0.65363413,0.98600334,0.23861647,0.92707974,0.35336423,0.9215203,-0.8402622,-0.1566021,0.8010313,0.31939402,0.97088665,-0.4012873,0.63182986,0.10531923,-0.9996201,0.26412144,-0.13715771,0.3057898,0.6330254,-0.23373458,-0.00803584,-0.8078963,0.0020065608,-0.5829018,-0.16438545,0.908914,-0.8397045,0.7698882,-0.036047872,0.24637829,-0.6555671,-0.07407406,0.024273036,0.7349943,-0.14749382,-0.838572,-0.65879774,0.960364,0.49907357,0.04065891,0.9665653,0.30240688,-0.85591567,-0.7651183,-0.45268238,-0.8126363,-0.37675044,-0.5045366,0.59610474,19376.215,0,0
38,0.7835592,-0.6642333,0.27807778,-0.89893806,0.96909714,0.81409603,-0.76690173,-0.8112203,-0.5529616,-0.087063394,0.64368504,0.9132859,-0.48012134,-0.5862361,0.9206248,-0.35344842,0.981621,-0.05806065,0.6269746,0.5911521,-0.23951979,-0.9790901,0.08959309,0.11107448,0.6566955,0.12924266,0.0032386421,0.8816741,-0.2327683,0.5454899,-0.05813702,0.44515145,0.8593852,0.35574406,-0.2650159,-0.95574254,0.60447943,-0.11190519,0.07926808,0.123287275,0.0014514572,-0.072701894,-0.97326636,0.25359163,-0.549318,0.23646785,0.44730803,0.16734025,-0.8091964,-0.5531988,0.7771043,-0.7586461,0.7670005,-0.51433504,-0.7758942,0.14424904,-0.097789645,-0.82549083,0.03789331,-0.37023923,0.83634096,-0.30669227,0.0038679838,0.28290334,0.24985974,0.47768107,0.72166103,0.32589352,0.91924477,-0.26047546,0.9862097,0.5454133,0.016515538,0.45166355,0.45886764,0.9629538,0.4737316,0.121958405,-0.15183581,0.42517352,0.39281327,0.8616846,0.61101544,0.48113975,0.044007555,0.23775767,0.10516755,0.37312528,0.14364758,-0.13832262,0.924665,0.76066124,-0.8183376,0.5663481,0.7775165,-0.14058042,0.014284162,0.8832677,0.35562426,-0.3516255,1.77696,1,0
39,0.10939482,0.036626156,0.8895182,0.318115,0.5777861,0.41182488,0.5879194,0.62280524,0.97630763,0.76852834,0.54843915,0.7210318,0.28752685,-0.38784814,0.2840856,-0.3373075,0.0508181,0.645079,0.22423984,0.5483231,-0.65475607,0.103507996,-0.7646367,0.25568467,0.16224886,-0.82119006,0.8884955,-0.41779882,-0.93150884,0.35040534,-0.22189201,-0.5674901,-0.8449248,0.19643655,-0.5171264,0.8248501,0.3384121,0.8176313,-0.81328434,-0.89752954,-0.29699552,-0.345937,0.7673932,0.05734971,-0.13629888,-0.06737874,-0.068919316,-0.09457496,-0.2988548,0.83725,-0.24748632,-0.87687856,-0.6069362,0.5636442,-0.20390224,-0.28420803,-0.9134899,-0.03044606,-0.63451266,-0.9365872,-0.94186974,-0.6156839,-0.9990648,0.03462988,0.7367387,-0.009968066,0.10824735,-0.8803967,-0.38226542,-0.5773476,0.93835276,-0.0033312843,0.8531729,-0.5327423,-0.35046056,-0.6102544,-0.5919184,0.84731007,-0.1990876,-0.20328292,-0.24659333,-0.27894,-0.19582634,0.94326615,-0.077984385,-0.36342347,0.11180321,-0.03697247,-0.59484136,0.30730554,-0.13139194,-0.5086575,0.23478888,-0.120534055,-0.8878083,-0.5387374,0.49125004,-0.9053563,0.523787,0.0038764875,790.66455,1,0
40,-0.4652989,0.77086145,0.25970975,-0.842677,5.713429e-05,0.5179559,-0.636992,0.6439443,0.25211722,0.66448694,0.107004024,0.091764666,0.5170629,0.30555385,-0.0738404,-0.08046747,0.40699232,-0.76915604,-0.90468985,0.8081588,0.76792306,-0.3313836,0.6964526,-0.9596895,-0.5591448,-0.029634077,0.23005983,-0.4608955,0.27632448,-0.6282495,-0.55563533,-0.16059032,0.9342053,-0.46721417,0.4031745,0.55825007,0.43140355,0.45368063,-0.040386662,0.21094999,0.13837752,-0.077227555,0.92123073,0.7529592,-0.24043123,-0.6715958,0.62482154,0.2321755,0.4835088,0.6106737,0.32839337,-0.9245177,0.9153879,0.01530362,0.8298104,-0.4744942,-0.12292023,-0.68083286,-0.3072454,0.13370062,-0.91191787,0.53863597,0.27795538,0.4230341,-0.5390466,-0.92945623,0.11149292,-0.22192805,-0.032356843,0.50200075,0.07851044,-0.91459894,-0.30595598,0.24518482,-0.6860209,0.49912998,0.6457708,-0.083620176,-0.26611823,-0.0101595,-0.44381332,0.6735728,0.5614489,-0.3624249,0.69991064,0.15368158,-0.37414488,0.4670936,-0.23148619,-0.93004113,0.20077966,0.3123089,-0.94963944,-0.59279126,-0.48632878,0.33288643,0.2943291,-0.20502451,-0.79981285,0.91931796,4257.2744,1,0
41,-0.53866047,0.34214178,-0.26628917,0.55161506,-0.77679366,0.3261629,-0.51158094,0.6719417,-0.8556672,-0.2545772,-0.046115488,0.37300423,-0.68842226,0.7843311,0.88537157,0.69577026,0.41807064,-0.85165465,-0.39712393,0.1275027,0.42414856,-0.18052018,0.817725,-0.8618251,-0.21571381,0.8198395,-0.7659809,-0.3413311,0.68599504,0.5691487,-0.2847546,0.50255734,-0.21995379,-0.62469625,-0.9587825,0.9272205,-0.22686854,-0.90388304,-0.83933663,-0.49220714,-0.16210857,-0.8286171,0.8612236,-0.31486246,0.2696126,-0.8476729,-0.4121848,0.45516402,0.9803133,0.20878576,0.7358263,0.59172493,-0.5923492,0.373502,-0.314054,0.8407936,-0.5443093,0.08772936,0.028026901,0.19533628,0.7674403,0.5730178,0.71319526,0.1690378,0.1928945,0.15553398,-0.6916241,0.95846736,0.60193,-0.8985392,-0.24080548,-0.5324209,0.11519749,-0.60995483,-0.23551728,-0.61696196,-0.9757204,-0.3586759,0.11611598,0.7072661,0.14094152,0.002266592,-0.68005466,-0.10169206,-0.13389392,0.6534682,-0.6290966,-0.2775115,0.23873718,0.05848379,-0.44486174,0.49573332,-0.920125,0.68475246,0.18508358,-0.5403754,-0.4665285,0.108066976,-0.32037807,-0.492789,19376.215,0,0
42,0.15575781,0.02538461,-0.260135,-0.15166655,-0.82930005,-0.40385744,0.757101,-0.33891594,-0.6170716,0.15851313,-0.20978571,-0.78927904,0.8815908,-0.26446247,0.060362432,-0.67911714,0.29669613,0.5713033,0.40102646,-0.9618515,0.55037874,0.058927614,0.39860976,-0.554418,-0.8490235,-0.58498055,0.84168243,-0.45368376,-0.27348524,0.65223974,-0.13499925,0.2034844,0.5951162,-0.23738796,-0.9932728,0.8395657,0.4693863,-0.6503512,0.43053353,-0.5718996,-0.19132699,-0.10927917,-0.9643132,0.72582227,0.3840499,0.5721786,-0.77823234,0.099064454,0.26610276,0.15023087,-0.6240003,0.30658546,-0.29886222,0.7537379,-0.22612688,0.40623766,0.31191015,0.93265134,-0.19309124,-0.6173135,-0.6326838,0.578379,0.5090201,0.18933849,-0.3951693,-0.36251876,-0.06608346,0.98713356,0.28739247,0.2783803,-0.80806655,0.5537196,0.36225945,0.04252775,-0.579183,0.21946499,0.79740036,-0.06670134,-0.43918663,0.06995826,0.30745298,-0.23479228,0.114027366,0.04637524,0.7252303,-0.8980702,0.48994404,-0.5924468,-0.5373344,0.07455792,0.95792747,0.2759369,0.99243873,0.16029452,-0.48825267,-0.4860601,0.044871878,-0.6848461,0.6574721,-0.30948842,6575.911,1,0
43,-0.60853565,-0.044991337,-0.07715474,0.64230317,0.28225803,0.8857406,0.22993228,-0.19985075,-0.67590225,0.1502779,-0.8144467,0.05463468,0.7327599,-0.99763757,-0.28377423,-0.5537342,-0.20659332,0.47074565,0.2895113,0.12978755,0.32338476,0.6790172,0.59949213,0.8929058,0.6971689,0.44665205,-0.39693564,0.08847226,-0.34532252,0.59654564,-0.24204484,0.4844818,-0.79874474,-0.49446458,0.15549433,-0.20897909,-0.7684787,-0.7900965,0.48837972,-0.70977545,0.584342,-0.7278563,-0.5569966,-0.19105782,-0.49989387,-0.111981705,0.5027019,0.9098174,0.5753135,0.012199692,-0.7180927,0.37969437,-0.40139225,0.29988378,-0.23784931,0.5185156,-0.41150305,0.13961838,0.081252046,-0.9059848,-0.37249064,0.9480026,-0.15262908,0.6717285,-0.26627317,0.4851701,0.34781703,-0.49633387,-0.09558987,-0.10984588,-0.40573102,-0.62625265,0.7913505,-0.08346329,0.9961479,0.48968166,-0.5520971,-0.5420685,0.88333,0.4068487,-0.078191936,-0.5320791,0.43952885,0.932613,-0.16885899,-0.7966629,0.8864955,-0.7276915,0.45972285,0.38091505,-0.16370206,-0.7032168,-0.6429975,-0.9975979,0.9035075,0.17754337,0.08177163,0.99235225,0.21118425,0.41105983,9667.847,1,0
44,0.22931796,0.19312572,-0.8578258,0.20612219,-0.04724337,0.06684928,-0.44870633,0.066979565,0.031202065,-0.24087514,0.38099134,-0.9214852,0.48455688,-0.9950387,-0.25077012,-0.57961726,-0.8904993,0.30962658,0.8600618,-0.56054914,-0.866206,-0.15860865,-0.95961916,0.19051403,0.534857,-0.4430662,0.9233279,0.3082069,-0.6030533,-0.6476137,-0.6779617,-0.1770476,-0.13604972,-0.924192,0.038207624,-0.27776894,0.29945204,-0.60654765,0.47460395,-0.5140161,-0.14003736,-0.64991266,0.79822946,-0.39750472,-0.44772992,0.6825398,0.8523497,-0.7396763,0.8503023,0.30217513,0.22424434,-0.68601036,-0.13066135,0.75857925,-0.07356077,-0.90872574,-0.84734696,0.6943085,-0.6490046,-0.7584201,0.3090586,-0.9779012,0.3887109,-0.8658825,0.8425075,-0.682539,0.06385693,0.044739548,0.08866095,0.5460986,-0.4494469,-0.21539323,-0.6803142,0.43093368,-0.55266666,0.64156836,0.8621982,0.38391638,-0.9512721,0.03471254,0.30168587,-0.446007,-0.40685487,0.4071557,-0.23520263,0.31538475,-0.49860898,0.50052,-0.63206893,-0.5829427,-0.5231047,-0.23492466,0.8885014,0.24915726,-0.40266117,-0.11480714,-0.6512499,-0.21586607,-0.975838,-0.3584384,463.72675,1,0
45,0.7762413,0.114196815,-0.4467388,0.1476991,0.54123014,-0.16447285,-0.27134266,0.9399289,-0.75175726,0.5179561,0.9523888,-0.92228734,0.790367,0.15022847,0.18021685,-0.21535206,-0.17928448,0.29950488,-0.98796564,0.5038217,-0.08698912,0.9721099,0.5263927,-0.34033152,-0.58840966,-0.035763465,-0.36881244,0.45613277,-0.729764,0.2869052,-0.2675749,0.56032336,-0.031377893,0.52803445,0.3571936,0.6995497,0.8114598,-0.529111,0.68349534,-0.71003217,0.37092406,0.16791591,0.2913153,-0.6472102,-0.69249934,0.7495862,-0.66421247,0.8764973,-0.46262503,0.6936866,-0.27663636,0.74078697,-0.39962494,-0.4835,0.36252016,-0.5157591,-0.5788023,0.70033705,-0.9950188,-0.7690223,0.9391946,0.32026544,-0.7500519,-0.48280686,-0.8727162,-0.80990654,0.654616,-0.18371831,-0.8840555,0.45516488,0.9710656,-0.21871963,-0.30857775,0.06404958,-0.9817801,-0.31434473,0.41713145,-0.98013574,-0.44867003,0.40475234,0.06964418,-0.42064235,0.4738104,-0.86875975,-0.4290186,0.13082424,0.10495481,-0.84389114,0.87676,0.8131655,-0.4362847,-0.8721563,-0.62134737,0.9813883,0.8347606,-0.99434364,-0.7420321,-0.8998094,0.37877038,0.68055487,286.88583,1,0
46,0.44778505,0.5808141,-0.070008494,0.3993829,0.2735676,0.12508778,0.32116526,-0.4440701,0.39348418,-0.3351936,0.60732496,-0.00818524,0.6059922,0.8404407,0.4421899,-0.09743805,0.12016549,-0.69764435,0.7301607,-0.008459314,0.9510195,0.9180646,0.94354814,-0.7106993,-0.44233027,0.48508692,0.42755505,0.2795009,0.18833205,-0.68288857,-0.48671976,0.18866318,-0.41847834,-0.12771577,0.51683456,-0.26919204,0.5272362,0.56205815,0.07387437,-0.9308742,0.9859967,-0.0054683937,-0.40394837,-0.7707805,-0.5414543,0.7167846,0.07224182,-0.7158713,-0.47080934,0.07959495,-0.52237815,-0.027763441,0.049569324,0.47464654,0.47813985,0.25867647,0.6044541,0.8516832,0.16919167,0.06296754,0.72960585,0.7338201,-0.48792142,0.44826266,0.91713154,0.21809022,-0.024273923,-0.85270035,-0.43699083,-0.54318005,0.35045952,0.102388345,0.92724663,0.63828,-0.5553893,-0.17829588,0.26582992,0.37124008,-0.59829164,-0.50632495,-0.344387,0.78105766,-0.685245,-0.8319489,-0.802034,-0.17318277,-0.4133921,-0.31753823,0.88625246,0.44414535,-0.8350603,0.018245932,0.57812643,0.19146042,0.8186971,0.64485824,0.46967614,0.4988599,0.59688085,-0.8187784,19376.215,0,0
47,0.60176486,-0.9234537,-0.24305621,-0.51994455,-0.8770328,0.26460853,-0.35590285,-0.88656116,-0.41913313,0.649295,-0.8571586,-0.20712261,-0.9667064,0.17623764,0.162466,-0.58265424,0.7308975,0.69656104,-0.59379685,0.3611865,0.2978549,0.978142,-0.09222453,-0.8791947,0.16550289,0.8835536,0.9594285,-0.31109658,-0.3596535,-0.15647434,0.5857504,-0.03845313,-0.8762935,0.43401867,0.32219598,-0.321944,-0.10692138,0.08936368,-0.7369472,0.9574265,0.54482335,0.30720577,0.41028297,-0.75986975,-0.9448736,-0.5495043,0.6668874,0.9687315,0.60738766,0.65647244,0.8441693,0.6781984,0.5348971,0.9085898,0.80565464,0.04051393,0.4783151,0.042719014,0.6711037,-0.3547378,-0.22560409,-0.48917204,0.055657674,-0.40638605,0.5556196,0.63510835,-0.12653795,0.058380388,-0.51070666,-0.5586842,0.89844984,-0.9211631,0.794255,-0.19625854,0.84773767,0.23565565,0.99484545,-0.35696766,0.7830466,0.9058439,-0.085218675,-0.9691626,0.46829543,0.024267444,0.92738396,0.03753368,0.50685257,-0.19602719,-0.16416983,0.0811788,0.6781013,0.55689025,-0.86620855,-0.53696126,0.052565444,0.5384068,0.92003065,-0.18085639,0.68747324,0.4494885,19376.215,0,0
48,0.6313136,0.30251652,0.38300472,-0.10740945,-0.4278119,-0.80105984,0.049662713,-0.46187454,0.07162873,0.96375734,-0.28269178,-0.20579979,-0.74714905,0.25643337,0.025871499,-0.027923424,-0.3001077,0.08728881,-0.37503588,0.22688153,-0.20776013,0.84045523,-0.4304345,0.87623954,0.8726295,-0.32567504,0.022946764,-0.69193554,-0.7105748,0.25453013,-0.35191122,-0.53776294,-0.64686435,0.14913481,-0.992155,0.02871245,0.5623054,0.20601493,0.029976252,0.7547725,0.2591645,0.49221918,0.3484047,0.49248984,-0.07359534,-0.1888458,-0.7136328,-0.56328905,-0.01145046,0.23631988,-0.50977445,-0.6227056,-0.99109364,0.73429114,-0.86508524,-0.06199527,0.9541237,0.5524086,-0.04234984,0.49863684,0.18202156,-0.32444885,-0.745906,0.61985785,0.37277427,-0.8631708,-0.8754503,-0.53023803,-0.16952272,-0.43792522,-0.17982478,0.6854548,0.2216095,0.10273217,0.93919885,0.8226328,0.7944788,0.82795966,0.9856019,0.055729907,0.41538674,0.41362303,0.8746243,-0.8865662,-0.20350601,-0.15823266,-0.8156542,0.84277904,0.86767286,-0.5192437,-0.5277476,0.556268,-0.9203137,-0.85355276,-0.6127714,-0.8175698,-0.47931844,-0.04369712,0.7813452,-0.81057,75.47877,1,0
49,0.35609278,0.8252877,-0.41670823,0.325572,0.88872695,0.1556725,-0.74022365,-0.45212564,0.8085556,-0.738031,0.5094895,0.32562023,0.12505658,-0.61820513,-0.45557034,0.51884323,0.87482935,-0.9434957,0.046623383,0.95749855,-0.7933095,-0.58211696,-0.39174217,0.94837904,-0.1569557,-0.6237007,-0.8508946,-0.17483975,0.19912814,0.5186825,-0.87439877,0.7064606,0.08693606,0.40791294,-0.033158235,-0.5729903,0.4205112,0.06921485,0.20799704,0.796459,-0.35194102,-0.0900817,-0.21556866,-0.5779251,0.8033978,-0.66581935,-0.3715793,-0.11887047,0.13442682,0.9195047,0.25043136,0.2786686,-0.30643255,-0.0364299,0.3591185,-0.40991405,-0.31306818,0.17502014,0.95728326,0.47747678,-0.70850056,-0.18615445,0.08740176,-0.7997246,0.63332266,0.5279937,-0.020934591,0.6386037,-0.3433518,0.8532276,-0.8293386,-0.5101238,0.7693881,0.77366346,-0.79664755,0.006168869,0.39414054,0.12391637,0.13583715,-0.76337993,-0.098419,-0.73372334,-0.3900202,-0.26279113,0.63204974,-0.044886116,-0.73953366,0.4936345,-0.93358463,-0.9667539,0.10709173,-0.4956715,0.53117716,0.10274336,-0.742169,-0.26020765,0.6376312,0.65612394,0.23555128,0.66781855,2306.4136,1,0
50,-0.9719429,0.14960547,0.114876926,-0.3411675,0.40387386,-0.3580017,-0.060853675,-0.99183774,-0.8310972,-0.868475,-0.79148096,-0.97062707,-0.595864,-0.73941696,-0.9157184,-0.76518357,0.40315726,0.16087396,-0.23610301,0.12101554,0.23999618,-0.3905606,-0.77232194,-0.74171007,-0.95373744,-0.12890366,0.4962027,-0.81044906,-0.20933162,0.99003416,0.98046863,-0.026751982,-0.42259717,-0.81062543,0.28155705,0.35619456,-0.28267837,-0.794939,0.31151962,-0.14512123,-0.13034663,0.13466328,-0.9104402,0.23825067,-0.25621018,0.3482718,-0.6470044,-0.9044395,0.5895121,-0.2864918,0.2307613,-0.9865734,0.5341807,0.5726574,0.6786955,0.96681684,-0.23744112,0.5233109,0.3102933,-0.11946566,0.44702056,0.111732684,0.93993354,0.7912015,-0.84082085,0.76982373,0.05449076,0.7930827,0.8993917,-0.39243758,0.5660295,0.45493028,-0.50197375,-0.22914174,0.38853163,-0.96177393,-0.7762963,-0.9584344,-0.7561913,-0.12532705,-0.37000528,0.4834022,-0.36084625,-0.8791273,0.10940124,0.752776,0.72848326,0.6697354,0.21947116,0.42124477,0.2571424,0.6555491,-0.15639874,0.5596361,0.25522482,-0.11576578,-0.70500267,0.42738727,0.73775494,-0.107766904,3512.936,1,0
51,0.04715046,-0.29690617,-0.33532116,-0.20566666,0.81183076,0.19149463,-0.16945179,0.83726037,-0.81635785,0.77463657,0.9641346,0.10798534,0.22082356,0.53266746,-0.6713747,0.9821833,0.31483606,0.8317981,-0.51415855,-0.3442043,-0.0031622597,0.042792693,-0.5861543,-0.9071639,0.3448496,-0.8110128,-0.46745926,0.98035145,-0.849386,0.05452329,-0.53823686,-0.2951691,-0.26666352,0.7415022,0.15278134,-0.6342405,-0.8069447,-0.84990364,0.09061836,0.31209943,0.29420656,0.70781356,0.36986485,0.84887177,0.63702184,0.2494711,0.6655962,-0.7061553,-0.11882224,0.18837714,-0.88426375,-0.22456604,-0.1676704,0.9639995,0.3405167,-0.8422153,0.9459869,-0.80697334,-0.08627723,-0.29495373,-0.64192754,-0.15427873,-0.9158353,-0.17507309,0.5100115,0.2700899,-0.6641957,0.45362058,-0.87134916,-0.005411951,-0.9275718,0.38374576,-0.30144286,0.45743436,-0.62997305,0.48374712,-0.97694045,0.08138691,-0.7625662,-0.95482063,0.016107444,0.741161,-0.5243439,-0.66949344,0.18628716,0.10672015,-0.88387704,-0.44197142,-0.18232907,0.95904315,-0.35405266,-0.454193,0.99095005,-0.7993732,-0.28918967,0.051761385,0.61989355,0.5890299,-0.3659236,-0.056799695,19376.215,0,0
52,-0.53429663,-0.23376866,-0.7062331,0.15900946,0.6713693,0.18035045,-0.5715096,0.95172334,0.079208694,-0.30409735,-0.42684892,-0.29292202,-0.00038664273,-0.66944516,-0.61463886,0.04246039,-0.098655775,0.3855501,-0.5315546,0.6091782,0.19760673,0.39235163,-0.40649077,-0.21472165,-0.012362724,-0.3612957,-0.3632647,0.34765536,-0.77539825,-0.6386624,-0.58429074,0.7881407,0.59243983,0.16837808,0.7217002,-0.8536745,-0.6940544,0.66789603,-0.05519449,-0.99513686,0.7330103,-0.3696278,0.4134734,-0.5021632,-0.8936084,0.25740382,-0.012238096,0.026591873,-0.026535004,-0.7205719,-0.16783124,-0.7301119,0.9745449,-0.6401387,-0.16653739,0.26727226,-0.48654923,0.3049805,0.4035202,-0.19156386,-0.026509363,0.5983477,0.9575907,-0.73441637,-0.44091436,-0.6658839,-0.38831586,-0.9080201,0.9720324,-0.61324507,0.28395513,-0.07862297,-0.5740096,0.056692556,-0.30440244,-0.7429198,-0.48734292,-0.06331314,0.4326737,0.33970296,-0.18582146,-0.5415855,-0.94843155,-0.42152515,-0.24455063,-0.93640196,0.7115042,-0.19149177,-0.32743227,-0.98193437,-0.904318,0.5454629,0.20436355,0.4696333,0.18185867,-0.50321394,0.031225977,-0.63928175,-0.35463122,-0.2623302,16.413282,1,0
53,-0.49063653,-0.21264642,0.5006876,0.417922,0.82603663,0.34706354,0.6110255,-0.78342205,-0.5004123,0.9850558,-0.47218376,-0.4027533,0.8611406,-0.28365645,-0.46315372,0.25907803,0.68407065,-0.10589075,0.26767617,-0.21995877,0.71395874,0.84174526,-0.009136622,0.11781168,0.9398416,-0.7717052,0.8769943,0.069108404,0.33054292,-0.2636224,-0.42907035,0.47708538,0.15495944,-0.6834323,0.12892926,-0.16845134,0.59471816,0.95322347,-0.90906817,0.7703514,-0.48896268,0.99559784,-0.9048977,0.53244793,-0.88549036,0.10192872,-0.18344435,-0.7698151,0.41118294,-0.102391005,0.2062261,0.4187453,-0.21782556,0.8368709,0.73931277,-0.322899,-0.48618189,-0.7054402,-0.25327763,0.31045544,-0.8271569,0.14932159,0.5705562,0.76757926,-0.3677528,-0.63939446,-0.717908,-0.96767426,-0.3576694,0.20958069,0.8452532,0.9568183,-0.20640495,0.81892335,-0.193559,0.42590055,-0.38842863,-0.88236946,0.56916505,-0.6360668,-0.044636015,-0.80004644,0.64135784,0.82429016,0.824976,0.49651513,0.548163,0.7687938,-0.97370726,-0.31914377,-0.2588443,-0.74025136,0.64178604,0.19765651,0.59246725,-0.09365872,0.9101791,-0.10827908,0.8204081,0.41916308,19376.215,0,0
54,-0.7071418,0.5212437,-0.1062319,0.26120108,-0.39635193,-0.36203915,0.085565045,-0.89230317,-0.68375033,0.30561188,-0.83482623,0.017619733,0.03776079,0.24991396,-0.50106883,-0.40999845,0.7469797,0.8697529,-0.9418666,0.25847667,0.4686114,0.19385403,0.79357827,0.39877695,-0.6322596,-0.15796852,0.7444061,-0.15440635,0.82920194,0.18865237,-0.44060192,0.55470115,-0.8809183,-0.21782102,0.23958841,-0.13694108,0.1266425,0.008027175,0.18269804,-0.5404426,-0.30341798,-0.7792595,0.81897897,-0.38297534,-0.28719163,0.44897756,-0.9845019,-0.96368295,-0.3255702,0.74004567,-0.8664257,-0.4871743,-0.0024552613,0.66525626,0.58404636,-0.39028978,-0.40030843,-0.027331892,-0.9813279,-0.4743635,-0.7128329,-0.9884466,0.34149897,0.003800225,0.03727966,-0.14553574,0.5481493,0.6493153,-0.6838409,-0.90095735,-0.76265335,-0.2799509,-0.7876427,0.6664174,0.4011004,-0.911461,-0.6860191,0.5407292,0.40089154,-0.47097877,0.5310927,-0.8919785,-0.7068242,-0.93455446,-0.47164258,0.9721635,-0.34977064,-0.6874448,-0.5130569,0.8995924,0.65345234,0.019642117,-0.31956458,0.4937262,-0.8015353,0.4916215,0.9862624,0.48127037,0.03199134,0.22978881,19376.215,0,0
55,-0.7082218,0.96953297,-0.93938065,0.3385087,0.8112064,0.5046522,-0.96538746,-0.40489274,0.5004393,0.40917367,-0.88410294,-0.5489505,-0.23046163,-0.9042402,0.29389167,-0.5879692,0.3590588,0.58892953,0.00380053,0.09418265,0.2732354,-0.64821386,-0.46655443,0.54785734,-0.6641685,-0.4465572,-0.7563412,-0.11029397,0.8482198,-0.80690247,0.0600899,0.580166,-0.046922334,0.69689125,0.023348205,-0.5275635,-0.84699917,0.6426446,-0.8317851,-0.8197506,-0.44790396,-0.121535935,-0.21015741,-0.84565765,-0.42130336,-0.09728918,0.13410386,0.9899588,0.70133805,-0.11003915,0.6285358,0.43507192,0.07803806,0.26313573,0.858063,0.19638185,-0.8107223,0.66070753,0.16377671,-0.90239507,0.3596398,-0.24170595,-0.7789096,-0.35544622,0.21829686,-0.29132146,-0.5867116,0.45831925,0.23813057,-0.96127033,-0.8312979,-0.993547,0.458887,0.5050225,-0.62792546,-0.3189184,0.42832932,-0.3746922,0.56259507,-0.6765027,-0.12602547,-0.029704724,-0.056523602,-0.8556855,0.41423994,0.8629165,0.19834617,-0.17831372,-0.20154326,-0.13005774,0.42327753,-0.58850425,0.35617992,0.710202,0.23247655,-0.7372445,0.0019329719,-0.76954883,-0.70106655,0.018958291,2437.679,1,0
56,0.33476108,-0.062365174,0.96853006,0.66640645,0.5965036,-0.252945,0.78911036,-0.28124756,-0.29361507,0.0020189716,0.26405367,0.6537339,-0.33891368,-0.66124576,0.17919832,-0.47502232,-0.93385404,-0.11052589,0.1098237,-0.69890314,-0.9749515,-0.58393455,-0.796952,-0.8279942,-0.44823772,0.89031214,0.9338697,0.27356267,0.10551866,0.23641187,0.95790356,-0.6276423,-0.13104747,-0.79984933,-0.28303945,-0.9828604,-0.00325764,-0.6260515,0.8218845,0.94507444,0.24474543,-0.28966075,-0.5289334,0.1312901,0.031389453,-0.81210816,-0.38578442,0.7331545,0.5735309,0.65262616,0.020646213,0.03494413,-0.9567882,-0.5190299,0.58133906,-0.8043293,-0.36821994,0.93809986,-0.9372115,0.889975,0.54362094,-0.48512173,0.4119557,0.9459273,-0.28056905,-0.22326012,-0.983394,0.8665778,0.96850085,-0.9245368,-0.2697385,-0.5974492,0.2834415,0.06656804,0.8618191,-0.49755245,-0.7264526,0.7997133,-0.61353546,0.081024885,-0.94804925,0.5875537,-0.08659684,0.5796566,0.67952186,-0.9982794,-0.93619984,-0.78439206,-0.7163403,0.73703086,-0.099409185,-0.25477615,-0.17974426,-0.5683208,-0.6632997,0.7849228,0.8608861,0.9731813,-0.0813905,-0.112500764,1134.731,1,0
57,-0.40565184,0.043686625,0.17940673,0.66115844,-0.8239321,0.1620363,0.8489907,0.6048584,0.53307164,0.9800048,-0.06743725,0.96471816,0.075027816,-0.41408882,0.21699469,-0.65403837,0.65168947,0.7363458,0.66850317,-0.20305495,0.6804767,0.20541562,0.21261902,-0.16613883,0.42430723,-0.5494927,-0.95111936,-0.9790817,0.38481495,0.065436445,0.68314505,-0.55909705,-0.47640198,-0.69753724,-0.5775608,-0.6207968,-0.5533372,-0.70944387,-0.2054696,0.87776846,-0.9114279,0.49173602,0.6967271,-0.14242372,0.48571068,0.88814974,0.44642416,0.9451415,-0.75766057,-0.5559698,-0.28090605,0.56345063,0.409683,-0.5330738,-0.27288577,-0.23691753,0.083836064,0.14150588,0.15669918,0.047271773,-0.6139494,0.02537078,-0.9661283,-0.4346166,-0.94021916,0.60689545,-0.16155216,-0.9321246,0.4030706,-0.15389957,0.3606846,-0.44637346,0.97426003,-0.3739779,0.20804557,-0.2196826,0.6035267,-0.6235985,-0.28304082,0.99364454,0.703724,0.082417876,0.057418082,-0.81847364,-0.0549834,0.95822936,-0.15611696,-0.75765836,-0.93615496,0.950843,0.97796685,0.76566684,0.66874456,0.27292103,0.3937241,0.49090892,-0.68998563,-0.70008475,-0.3618198,0.89294225,19376.215,0,0
58,0.46757126,-0.1746447,-0.47324613,-0.9633058,0.899465,-0.68808955,0.77486986,0.14101689,-0.26764786,0.9740125,-0.9437369,-0.14818853,-0.27209952,0.9905055,-0.68794817,-0.01692047,-0.5089704,0.43589112,-0.5052799,0.23404373,0.012265404,-0.425576,0.9942236,0.039238475,-0.28612274,-0.86269593,-0.19899684,0.3237362,-0.45052046,0.46921265,-0.35644686,-0.75114465,0.5936673,-0.7826767,-0.96820325,-0.90937555,0.5783346,0.23068932,-0.18592234,0.0110941,-0.123436175,-0.7633284,0.5162267,-0.40245828,0.06086291,0.66192466,-0.0005227786,-0.21362528,0.98504955,-0.95568043,-0.4903672,-0.90045816,0.9861886,0.047614675,-0.14236422,0.8284602,-0.23076515,-0.21085969,0.5522983,-0.72503424,-0.038471006,0.9015118,0.30053073,-0.7066846,-0.5482014,-0.77507764,-0.21322396,0.838542,-0.04131057,-0.64946705,-0.7688146,0.9235579,0.32024908,0.75360984,-0.8993501,-0.12902845,0.42936566,0.260388,0.67302567,-0.94684595,0.25645435,0.44138828,0.7920378,0.47356415,0.296976,-0.52094644,-0.5125902,-0.99359214,0.40013075,0.2753254,0.2312029,0.25190988,0.5863672,-0.7887625,-0.72534144,-0.2751077,-0.63235515,-0.75630313,-0.40600538,-0.5237256,1362.1302,1,0
59,-0.7745625,-0.230787,-0.46271592,0.18320303,-0.4605441,-0.43623134,-0.29714465,0.6707695,-0.36501536,0.5404734,-0.81572723,0.2693921,0.015220364,0.59807533,0.9384623,-0.9724108,0.8827197,0.4278917,0.9257885,0.7833568,0.29569998,-0.7989222,0.04087603,-0.03330977,-0.14452854,0.3517287,0.9947096,-0.5627066,0.7894407,-0.40971628,-0.3524448,0.73071367,0.7776201,0.13364391,0.36845505,0.5344336,-0.261162,0.8944051,0.13951534,-0.23630436,0.91503465,0.15146622,0.5229374,0.5040517,0.39380118,0.8076364,0.21854033,-0.19690625,0.95021564,0.108469024,-0.9248567,0.6324671,-0.9513754,-0.0059290254,0.53565395,-0.43200582,-0.9568475,-0.48772407,0.44327435,-0.8887573,0.32483312,0.56383264,0.22207494,0.06390362,-0.7447935,0.8598105,0.014432796,0.74196583,0.43277586,0.42802867,-0.15209247,0.6563847,-0.9208,0.82629704,-0.60482,0.72904277,-0.49128473,-0.26066673,-0.44621736,-0.53987414,0.36870927,-0.98825127,-0.33613914,-0.63396615,-0.8139613,-0.9367467,0.52226317,0.5050019,0.017021561,0.19976012,-0.7427924,-0.17098817,-0.93345636,0.520049,-0.28597543,-0.7571235,0.9917799,0.3047073,-0.7372434,-0.843559,19376.215,0,0
